session,uxaxs_1x,uxaxs_1y,uyaxs_1x,uyaxs_1y,rating_juergen,rating_kristina,should_be_rated_by
GxFqW9P7aGUxXfUNG66sLzGfD43QA1eWB0SZXbJgUQEO1fHNzdSp6vkikfhrzYEu,Number of students with corresponding score.,Test score,Score,Number of students with that score,NA,NA,Kristina & Juergen
rZxufUzFmGw5RqgqX8UrLN5rTUqv2_WCzFL8tdV3s2i_DTft2YhsFPtlFO-l738B,It is the bell curve. It shows a visual of how the students scored.,This is the distribution of the scores. The dot is the mean score. The shaded line is the majority of scores. The smaller line is the range.,"This is the test scores. The dot is the mean score. The shaded line is where the majority of students scored, and the smaller line is the range.",This is the bell curve. It shows where the majority of students scored.,NA,NA,Kristina & Juergen
uM-Zs40IcoEyPOqWEbpvYDfEfM6FBfdc5jT0-sM_cv29cKc1PJfgveq0OeRhfehq,amount of students,test score,test score,amount of students,NA,NA,Kristina & Juergen
SbNbwe0JbiBo39YoJtocKEwqpWqzkna2-n59tsgjmZO1MV3LKXSxQ8_SWu4zxXdF,The number of students,The test scores,The test scores from 0 to 100,the number of students,NA,NA,Kristina & Juergen
UzhgEphgJD7icbEaSmJtZauDBQr7QJI76OhOgLUOd2I7zPsmXhByz5lMPtIfMZyb,the number of students,the test score,the test score,the number of students,NA,NA,Kristina & Juergen
_D_dVdclMxz3KezZ5ogoVRWKdO6uHs6jKC4MadjwP8vYgxMRDYT9Q6x773pDokiB,The horizontal axis represents the amount of students that achieved that test score.,The horizontal axis represents the grade.,The vertical axis represents the test score grades.,The vertical axis represents the amount of students.,NA,NA,Kristina & Juergen
3Wy2bn6C_SMCWosD8x_ZzxL7bNOrtDugQUHbYa7NXOJbjFzbw_WQSYuGNOcB6i_U,Number of students,Test score,Test score,Number of students,NA,NA,Kristina & Juergen
UB_3t9eeXoIPQCUtMi6YnDlEpSA6tkkZ83nkfzVSt3rcXUhrLWjJokR-bUr0Rhc_,number of students,percentage of test scores,percentage of test scores,number of students,NA,NA,Kristina & Juergen
IGF7ehJsowksY-ZyP2IG1CBJxg25khUnzu_uxsBUO5KRZuMKyqWh6aI6ZvVN4kCu,Number of students,Test score,Test score,Number of students,NA,NA,Kristina & Juergen
P-31DgZTHzv9KPhpTcat6mEJ0nbi83ZHUzHvADPPw1bexYNPqfyNOQ9Zel4tdlPq,"I've no idea, the instructions are terrible",50% understanding,I've no idea anymore.  The instructions are terrible,don't know,NA,NA,Kristina & Juergen
nlS1d1-NjGbOgTm4rzkGbudPht5MyDrBYjpI-Kzr9tp3nT2TwEOkHM9X6st8x4nF,paper or tablet use,knowledge test score,knowledge test score,paper or tablet use,NA,NA,Kristina & Juergen
woMJox_NkcQA26mlmQBUZpX4ztEz-C2j5xQGoWrvjteSowClz5WkVy7GWEkn_QNx,Number of students,Knowledge test score,Knowledge test score,Number of students,NA,NA,Kristina & Juergen
-QoiF0KPwjRFem9cwOXC9LMit9uXx5osQWXcyTbUi1WP3uA0pHSJpUpLSAHnQ9rd,Proportion of students,Knowledge test score,Percentage scores,Proportion of students,NA,NA,Kristina & Juergen
IRriEr_DSfEbhzwwReag-gSHQzkXYl_qGicDZZsj4uR6WgQeapuqceLa84Cd6nmA,numbers of students,knowledge test scores,knowledge test scores,numbers of students,NA,NA,Kristina & Juergen
8DYOicF327Cy2BrKcSQM3wGtRVCCSWhaldi6TbBqoCA_Cja0AJDB7oI3iF39jLJQ,number of students,knowledge test score,knowledge test score,number of students,NA,NA,Kristina & Juergen
zUsDqqT80-x7gmh0nNrDwzpDA_nWL6yoedaAaMQx1bXHZx0uCu9ply6cAxXCWpGE,probability density of a particular score,Score,score,Probability density of a particular score,NA,NA,Kristina & Juergen
o8OoTO112cS1UFYcarwf5Z8_wyGcUYNWhhXVSJS3h_Tu6Gd7BpnHa9TBfIReKGCy,the variance in scores,student scores,student scored,student score variance,NA,NA,Kristina & Juergen
MbJKDoUeLTcRFqyApG7oT5daSyFiqzcnJlAvjqPMr7pR6AfSNGhkRhNtSNlC86qc,Amount of results,score of results,score of results,amount of results,NA,NA,Kristina & Juergen
d2RUgqsNkdhFEyKff2Q3f0LsopABBY83P-cgqhCE0g-4Oys-S0tWLoeNaWw_kIFr,number of students,test scores,their scores,students,NA,NA,Kristina & Juergen
sDcAi4IqCiwLoXN8PQJOmMD-G2Q_vPwCpVrYclRrOnwn027_LNGQXDms115qjxJQ,range of students,test score,student test score,students,NA,NA,Kristina & Juergen
YCK3TXXBEg6oOHlZ5_eq--Ni7qiR6GZWC4KTkCh9iW6mEKHdpwdplfdH9FcWpFaI,Amount of pupils achieving that score,The average of people scoring marks on the test,Percentage of questions answered correctly.,The percentage of questions answered correctly,NA,NA,Kristina & Juergen
mYYRNFykzU9UrNc854OvKwCWJxDiW4LcasPSwDs7v7P9SGPP0bLLkP328GTM0d5K,The amount of students who had a certain test score,The score in the knowledge test,The score in the knowledge test,The amount of students who had a certain score in the knowledge test,NA,NA,Kristina & Juergen
pqPIob1If8IrMb_eWukpPSaaXDypRJIdHrW-zxcAUONAJmpN3gPF5MzkroggFjVo,Students,Test scores,Test scores,Students,NA,NA,Kristina & Juergen
Brvdu_tJrdPMrwit4bS7GXCv8KUEN-6udWn0ikCAmqvl4lPS9wCzV1xdfuRXR-wu,Number of students,Scores,Scores,Number of students,NA,NA,Kristina & Juergen
j_UuziQ-Q3uzsulvAYjGj6yav00FMy_TgFvYyjyV7xVY1_Iguz2gTO5n3gKqKVyq,number of pupils,test score,test score,number of pupils,NA,NA,Kristina & Juergen
cRk2cYAxAn_Vp7WED2Pe-QdDtDZcyTkHKdZZOmFiMw5CKjB7uGhiZwfRNLvPicRp,number of students,knowledge test score,knowledge test score,number of students,NA,NA,Kristina & Juergen
VD3rwxfpkPeT5vKHspy7j1DQOheZK3qqtsniVVikhyjfPcMza2H32gMQrTqynQRQ,how many students got each test score,how high they scored in the test,how how they scored in the test,the amount/density of students getting certain score levels,NA,NA,Kristina & Juergen
hM0WbbPjzxqPbpv5RtzzheaNSJpeHLn-buCpfm5JDkQg7AsOd83slqY0EJVMv0Im,number of students who have the same knowledge score,porcentage of knowledge test score,porcentage of knowledge,number of the students with the same knowledge score,NA,NA,Kristina & Juergen
pOAGj2yX70kA2UUlLCtkecUtRS7Ghc2wOp1UXvU5O9gS7hYTCq6mTaecqLLqx7P6,The amount of students that received that score (?),Test score,Test score,Amount of students with each score,NA,NA,Kristina & Juergen
R8PbKDQetT1Ln9kQqX6sijka614xNWD6NaKBIemFx52xE6PjS52vQKYL5foy8njW,Numbers of students,Test scores of the students,Test scores of those students,Number of students,NA,NA,Kristina & Juergen
2dIErEX91G6CbEGe_V_0A2tLPYzjqadwFkvTCsXnKIhe3DD8ZljFyo3mK3e6zj5t,Number of students achieving the same score,Knowledge test score,Knowledge test score,Number of students,NA,NA,Kristina & Juergen
Q9GjBIYvloTK2dEjQo_zwSA0tD-MUHit2fxSWQUDs-i2490c4uuTqanxsArspwsd,number of students,knowledge test score,knowledge test score,number of students,NA,NA,Kristina & Juergen
RpA8SoNylR1xY_j2_NR0sjHGTt3kp6kXcTWAS5FLjjr218W--1rj5EcqAw2ENPgZ,A normal distribution of the scores... more at the middle than the extremes,Test score,Test score %,Distribution of the results,NA,NA,Kristina & Juergen
PGiHionEDI6csuLEYDmycVR66Ho2hJH3LOuQ5ujiBVandglJAdZTugl5gaaxPYpo,The number or percentage of students,test score,The test score,"the distribution of students, the number of students",NA,NA,Kristina & Juergen
KqIE0yemskVHJI-KGZh8366n_iF_b_gbFkCAUCyCf_UdrSHISgc_FK_TcfzbYyge,The amount of students who achieved that score.,The scores the students received.,The score achieved by each student.,How many students received that score.,NA,NA,Kristina & Juergen
Ht-2Gu1cpbdFN-HGPcSzkIfHEXabiA_qrAvWS15LSG9CSTfzoDurK1Oj7KZV7bX6,Nothing,Test score,Test score,Nothing,NA,NA,Kristina & Juergen
pO308NeW92lnvx6u7Ll5lZf2lU2U73hTlYq7YPWLMjEJOoBaoINa1bV5xd_bBjgr,the number of students with y grade,the grade,the grade,the number of students with x grade,NA,NA,Kristina & Juergen
Ao9h5zeLd3K9B1M-Ek_VeiiSMvpoPIqK3Q6TzauvRqtYpAH5B63XzAUwMHLX8u1I,"probability density, probability, number of scores",score,score,"probability density, probability, number of scores",NA,NA,Kristina
gO9ZmIm09VOjyO3_P5dE3v5PJpGx2dHTKEjM64JSswNFx4uYjOOhOok5vTr8qlsE,number of children,test score,test score,number of children,NA,NA,Kristina
n6t_H6MG9SqVacv5RKdoLGYgNfQFr77csrdAMvW7YA_vxy_DqgpDyeh9Sgn4-Q3r,The bell curve used to assign grades,The spread of grades the students achieved.,Where students landed in terms of their grade.,The grading bell curve,NA,NA,Kristina
L3D3lnQ-IiM3U0bJeaozsUX78-5wO62fyl6ZPYYxEbUtaaFRKvvSiUQ1LVpH335_,Number of students,Test score,Test score,Number of students,NA,NA,Kristina
i95rQ9a0VtDAGZA9afOiLkg3AGXPgsh_Nl9G2_u2trwpQ-LE8wMEJls8smrD0pnG,Number of students,Knowledge test score,Knowledge test score,Number of students,NA,NA,Kristina
mM3s6PtyEI5GdR0DCu5vCDHbSW9YxTmYjadu7AhnWJWkvOz5bcwPuM-WN6rwy9GB,The amount of students,test score,The test score,the amount of students,NA,NA,Kristina
8_MkV3i5Ak8W7dUg6I4tkdesq3szh8ZodmxpM5P4CXq2kzU8IgyLFeAfS70CoKtW,number of students,knowledget test score,knowledge test score,number of students,NA,NA,Kristina
Z7XJSL3Xa6-Ps-24-ZQGOUfY3BGeEX7o3SSPxlQY_giEq8COBMyvxp-EM1AQOqVV,Percentage of students with corresponding score on y-axis,Knowledge test score,Knowledge test score,Percentage of students with corresponding score on x-axis,NA,NA,Kristina
HrCZtehVzlzkyp8YKC-KglBqR4PVuSaSPYBut7H0OCUWjlVMEbSbCdn-y5rt2NE8,the amount of students that scored a certain value,the score (in precentage) of the test,the values (in percentage) of test scores,the amount of students that scored each value (percentage),NA,NA,Kristina
BpvmJ-vsZTXx6KJafpPti59LaiTRUOAMfTafaxdDbmC-ZaWlrmYthmTvvVPRdOZ7,I'm really not sure. I'm wondering if this is some sort of trick question and it doesn't actually measure anything.,Knowledge test scores.,Knowledge test scores,"Again, I'm not convinced that this axis represents anything and wonder if it might be a trick question.",NA,NA,Juergen
yx6kH7cXgQnrWBdLXXwEohSZpESY9T2FyIKUVT2gLp-Rdxq73aBs09tjlM5Kw13M,Unsure,Knowledge test score,Test score,Number of pupils,NA,NA,Juergen
nhhBz7W-t10jVvGdk6oEWaxMYEhCuF60vJIgzbsjTocDE_p2qBBLh9hlMSOyhzvE,Students,Knowledge Test Score,Knowledge Test Score,Students,NA,NA,Juergen
FKe-JHRczcxoBu6Kvhi_Pg9vvJtox4UT6UqIsL-XR5rAlKpXLfXBBdfDSO08PxTA,how many students have that score,what score the students got,what score the students got,how many students got that score,NA,NA,Juergen
bYB1Y_OvUg5dtY3tU3kTPjdBiGga8aR8rLtwoC54I19B8L8-gKQ4te7wFKxB7xRI,The amount of students who received the score that is marked on the left.,The test score.,The score the student received.,The number of students who scored based on the left right axis.,NA,NA,Juergen
KqOOStWCqXLliSBOfnEUutsP2cWrH2g1dHTbmSjIfBPqkZjZqx9jY4hgHlHjhLm2,number of students,test score,test score value,number of students,NA,NA,Juergen
8OH1SfT7K-QQ2mbPSH_YkUH-_M25xbTPkxxLy3jy0rOvnCN3y2sQ2e2qdK8BoXVz,Number of students in each test score range,Student scores on the knowledge test,Students scores in the knowledge test,The number of students in the range of scores,NA,NA,Juergen
fO0sdQPvG7dCUxBreLjv-lPImAZQAwhNydlLZ1wxDliP8iI7d0agosrU9pOcxra5,the number of students,the score of the students,the score of the students,the number of the students,NA,NA,Juergen
nycvU15MxgPtVKbX_tBF6DG6d4hJzM6ovaoXUlWgVgxDDExJQo_ksV1xWLLtFrcz,"Number of students, but it's not specified",knowledge test score,knowledge test score,number of students but it's not specified,NA,NA,Juergen
MFfhPi8LlzBuQH-_lU8dlYnuSXs5Dq9OFWOdNQlQXOG3b1ksd1AJEtJbZ5HVt3zl,Number of students,Knowledge score/test score,Knowledge score / score on the test,Number of students,NA,NA,Kristina & Juergen
ZvpkkW8VIWMIbmmGpZvlac_GV72cb-2Z2txdhayYYPGWLwKcUTEVaFXdSXMJiLID,the test score,number of students,number of students,test score,NA,NA,Kristina & Juergen
q-iyy24riZ5n-Hz8BpQsB4sHRxLOr_fmL69mxwBberI1CZrDTR_k4--OrWDy8wgd,The amount of scores,The actual score,The actual score,The amount of scores,NA,NA,Kristina
edwv7Rd3hMxt94u83ZWmK2FI6RXeC1MP04EE9i6eSyih47mcN0VHEFl8b0AH2LHs,the number of students,test score,test score,number of students,NA,NA,Kristina
WBVRFXLaZoIwVPDNVZVMY8mXR8JFlyadPmyXzH__Zz9hlB6WrzHyjfwEaKzM5snZ,The mean score,The mean score,The students,The students,NA,NA,Kristina
KAoYJsUGvPX27-5W4w3Naw5pfZd8bZQhfAHaMhUgpWayikEM77CaskX-vinPMHPU,the students' answers,the knowledge test scores,the test scores,the students' answers,NA,NA,Kristina
Gy7xNNH8ywuFthzKtxGwrUwyTBj0WYbSHBl_TkyYOuefazKEQ-WcL9NLol2dHmso,Number or percentage of people,Test score,Test score,Number or percentage of people,NA,NA,Kristina
w-Zq3T9wywVsQWAE5szU7uUNQ_HJiJZ2bVX7zP7IfHodBloNecBd6PqlmuzspOba,Number of students,Knowledge test score,Knowledge test score,Number of students,NA,NA,Kristina
3nSk7nFXIECGNzP-FRIJ_Pas7l7oUkQz1Mz9yHTj-lpbsxizl4HZzQNi5nGMrZK6,number of students,knowledge test score,Knowledge Test Score,number of students,NA,NA,Kristina
_L_3c_weDE_5QGvFFNH3_w0H8N9NJGdfK4n3llJi0bI_x2u1SDVJCquK5m_8gkQF,the number of students scoring at a certain percentage,knowledge test score,the number is indicative of a students score,the number of students,NA,NA,Kristina
ZjpG1TdjEFg61qS822DnYH2N3U4FOyoI0na1ROZDI_FCUBFwc1uJ74JtwoRzXEhF,the amount of students with that specific grade,the test score,the score on the test,the amount of students with that specific grade,NA,NA,Kristina
OXBtaCRxNH4ziJVdF9gklry1Ub7C3D8tirllcjTLnmsDDN8uW7g3nfwBtQm9pcmx,The total score of the students.,The highest scores from students.,How varied the scores are from all students.,How varied the scores are all students.,NA,NA,Juergen
hWdL8KlqAhapuJog1jPFg5Tg4bj35TEI-lHqeglYhpqBN3vf5pHMZ1KfPMs4537h,Number of pupils,Test scores,Test scores,Number of pupils,NA,NA,Juergen
w1KUze-4AbM5sdSIceGsFwwEGQZ8NZFd-HMsn7BJ-ti9qU4mxzOFgl8GjN-lCx7W,the number of students with particular reslts,the range of results,the range of the results the students got,the number of students getting particular results,NA,NA,Juergen
Pb2qv_U7MnILX_AjzXKkinHpmxg6d-TyPOGIoFsIuptDgtJO5_deXhoIiGWtzdUV,The density of students achieving the knowledge score,Knowledge score of the students,The knowledge score of the students,The density of students achieving the knowledge score,NA,NA,Juergen
wr88pvoIvm9fTwcqtGJa5A9Z-l35wvsYif-A7ftrLms71Q6WGumq9DOaEBMWQYhU,number of students,Test scores,test scores,Number of students,NA,NA,Juergen
8Yqgv_K2CjR5yzDnfxBDgLRPKp0sINnjgVGTgxOlEEsav37jc3pkmM5pbiDglOF9,number of pupils,score,score,number of pupils,NA,NA,Juergen
tWnaWjH-Bk8hYE4Lvne0rxad1rrp2FnU8nO7d1hv9W2I97nJ2f6r-3rClU8rUcFd,Represents the total number of students who took the test,Represents the results obtained from the test,It represents the success of the students in the test taken,Represents how many students achieved a certain test result,NA,NA,Juergen
jPCrc0oqmhLZ2Xaq8Gwcgj5iZuuUXKnDcryMQWwOkUND0Kd4fyYctb0oalLoqSDU,group,test scores,test scores,group,NA,NA,Juergen
AD4U5uJLC5_PX0em6xeAX4AoQ-RF88OE9AOvqc4E5Grq0UVy-WtlWAm6-jo18cRA,"number of students, or percentage of students with that score",knowledge test score,knowledge test score,number of students or percentage of students with that score,NA,NA,Juergen
I2wrbmleINhTuBjUkpSGnypivOO7FXq6e_cGtKSVRBei2-vJWJEJTsbIy5pMucH5,Number/percentage of students,Test score,Test score,Number/percentage of students,NA,NA,Kristina & Juergen
_9HxfT3Ma7YVr1imQJ_Wny0BPtveCYSXIsHDrZ-RciQpY4PerpOFu3jb09IUR_7x,Variables in students' performance on lessons.,Variable percentages in scores for lessons.,Percentage of scores.,Number of students sitting witch each test score.,NA,NA,Kristina & Juergen
Cy3cZfhkuPUbZUbJKCU1zj3C909qQoUGllqwNHV25jeLStWNtlhbe_sbSKiE9KCG,It is a histogram. It indicates frequency. Horizontal: The number (or percentage) of students that scored a particular grade.,Knowledge test score.,"The vertical axes represents the grades: The score on the test that measures students' knowledge, after the lesson.",Frequency of students that fall on each grade (score).,NA,NA,Kristina
HMlhMbmh0OPltM8LIAgE4VdpFidYglOm3yGm-quP4k_y3Ulk-6sZL9bkDA97QSUu,Highest test score,Variation in test score,Variation in test score,Highest test score,NA,NA,Kristina
tMGcwBIJk4I3T4KQiNeatm3vg9vBGkK6GVsKyR2ri7Bf9QXTWb7-4oYlwTwD3ezj,Number of students,Knowledge test score,Knowledge test score,Number of students,NA,NA,Kristina
zwdLYpbn01W8UTi-41as3tuJlgCdRs-ICfZuBcrcFy0c7QAy9jj60qipZouRfhUg,the range of scores,the test scores,the test scores,the range of test scores,NA,NA,Kristina
32j1ffSW6_9qgh_nphx391g0clrOwn3fNi4z4_F7HahWpAKq4mEjgl9TaKE02aRY,The placement of students,Knowledge test score,The knowledge test score,the distribution of students based on grades,NA,NA,Kristina
e-yJp2YgmXQm5xCTq5QJScYqZjdS14IPYuH09YrtsbNLR-nWxueMfa2fNOLsqGlp,The volume of students that had each grade. With a big concentration around the mean value.,The different grades/scores each student reached in the evaluation.,The grades the students/researchers reached in their evaluation.,The concentration of students/researchers that reached the different scores.,NA,NA,Kristina
0le_0QiV0zcYAJCHfGb6LFjiUIzupiJ_4WZnqlOpdE93xGQwfNEbALs4GrVgzPbl,The percentage of students attaining that score,The test score,The test score,The number of students above or below the mean average,NA,NA,Kristina
ReslschUPBBTN_i6a1INAR50W4ft91JqBmO-vJ7wNVCDzLJ9Fr9llu35ESHxle59,Number of students,knowledge test score,knowledge test score,number of students,NA,NA,Kristina
p-EaMugE5iVZUEMy1sm0LQoZbEXhqBZD9_YdInyM47K76pQjwWCm9Wyrxup9a4LS,The percentage of students thaw scored that knowlegde score.,The knowledge score students scored.,The knowlegde score the studets scored,the amount of students tha scored each score,NA,NA,Kristina
RNG5_ftvR6ajTb7K1Jx4atIoTlPjItCUlfcIPjBfv1bvDuKbarUQTixVFKjjN8HP,Spread and number of students getting that score,Test score,Score result,Number of students receiving that score,NA,NA,Juergen
Z4lLB5G5LxsQgntveQ4ox5WwJF581J8CcgkuHICy6JnUko50BmaS0p3OoQV1hwev,The amount of students,The test score,The test score,The amount of students,NA,NA,Juergen
zJlzAbccfJDbE-FoMmE9l9u41GX4rX0XHo-tua5vrc6Ho7kL25CeevSxHyIU4O8C,number of students,test score,test score,number of students,NA,NA,Juergen
ORt3xT_t9Us1_ANoGvXbVdCyPkMLY47WP-p4JkV4tMVY0Ya6CKk9BVOwgIHifNo2,How many students got each score,The percentage score of the test,The percentage score of the test,The number of students who got each score,NA,NA,Juergen
TaAZJF8dj-h81v8HFrIylwhZsulAiwWHt90K-LE6jLmXy1Vp8NwwnsL2wCdimDQr,Scores of the students,Knowledgeable test scores,Knowledgeable test scores,Where the students scored,NA,NA,Juergen
hZ_6HYUK91WDCy270vX2kjbISHE4R8MN4-rNkl4JLcwA4DLI-naOsWjhJyTLIb71,The percentage of students with that specific score.,knowledge test score,Test scores,percentage of students with that score,NA,NA,Juergen
b6MvqEoTqwUqgZB8n2OY0Z14j1wrNK5lZylX4USiMI6Pu0BXJau8LZbMSU_3hYji,Distribution of scores,Knowledge test score,Knowledge test score,Distribution of scores,NA,NA,Juergen
-3BB-bnUVOijCpV_Hm4mYK3jeLT_qjH99KufF2yoYzoE-oXGm3aldCvyASbmDKMb,The number of experimenters for a particular score.,The score achieved by experimenters.,The score achieved by experimenters.,The number of experimenters achieving a particular score.,NA,NA,Juergen
jyNKi2grVE1PBLIAKJxQVVvrIv3Gk47zc_wgCvNCNpRDC3QZTJTdyIc3M14FT7UI,Number of students,knowledge text score,knowledge test score,number of students,NA,NA,Juergen
iu2TUEZybDKC1BNkK3YlKrOd4ntklB0dE4l-V9-HBqWt4L9_N6hZ9l1AysHaDvVF,Knowledge test score.,Knowledge test score.,Students score.,Students score.,NA,NA,Kristina & Juergen
v-jGXn-AVvLnY3Gi2RQSpeEvIWYFonALp-RKybWNAGMCgnBiAGdzQlptoUfgJyBW,How many students got a particular score,The scores of the students,The scores of the students,How many students got a particular score,NA,NA,Kristina & Juergen
zpRyO_Saxtma890Eo0TF8obzSl2SRdq41yX4WWWUGHkPYP_XFp7Y16BI4AzQrNz8,Number of students,Knowledge,Their knowledge,Number of students,NA,NA,Kristina
mRw0aucFYBA0uIhUR3CIMWDgo5lad6fS4SO7sgJ9i_u4skkRKWuKEkqG5XbOXKvT,frequency test score attained,quantity,test scores,frequency of quantity reached,NA,NA,Kristina
zbh0_yKlbG12FlismPhcAGBTw4vIhKLBiH5i4NRMWgIPlHNj0bOwU2WGv_uaSTP3,tablet or paper,knowledge test score,knowledge test score,tablet or paper,NA,NA,Kristina
BTAF5oWz-uEBUtQFkWG-SYtMNWOS-X6T_Bco2-RRm48-di5I8bWdUR8QBEWzrW68,median score,test score,test score,median score,NA,NA,Kristina
P2FAin9mu6z6u0UxMqSD27hUmCH0IF-2WXYcpbuPecRoHjoL6Cqygk_eQlMSS94D,number of students,knowledge test results,results of knowledge test,number of students,NA,NA,Kristina
1g2A48mdblE4sFhFmGf23C82II6bWl75yVtyEXlz8am4J8xxHuJ8gt38oSSaN4kh,the variance of the scores,knowledge test scores,test knowledge score,variance of test scores,NA,NA,Kristina
3IUPVV99uxhOyM5EC82yh4VaVQkQBoVNzZVFXsiPvZAzHENm07WWgHItGpnQdozU,number of students,knowledge test score,score,number of students,NA,NA,Kristina
mzCwO_8cT2i9Hvwwu6FC1b6TUQsatuwCgDEs0ojuAQvL2oEUz92mTnSMFhuYcBG_,the score,the mean and variation,the mean,the score,NA,NA,Kristina
ZDLJgDqZerve-oi_48vr9_wr2OYUUwKoIS5uzKL3HXw0xPck_GhOtioDY0E4I-Fk,number/percentage of students,test score,test score,number of students,NA,NA,Kristina
2CZtRfgUDrcwU5rxuWyIwDPVl5s5DQ6W6V4fA5crCVYcQDjmGD1xtIUuOQJWGzvh,Number of students receiving a given score,scores received in the test,score received in the test,number of students receiving a given score,NA,NA,Juergen
r6rxTCJlcv4EFGEN7M2IJmEtHTITN8Fv_cUYuPgeYKOLdaqHAs7QbNj1qLsYUxjd,number of students,test scores,test scores,number of students,NA,NA,Juergen
kkBpvDGFaLoPOUbbkdcB6iGE2RyiYlbngWYJU3RWaLdgADg_62guqZzwqvled0C0,group,students score from knowledge test,students score from knowledge test,groups,NA,NA,Juergen
IMMHUeVRpprfMYcApGUW5jAHXVr6DOb8wToUMpMQHy926ipGzFMkcBS8pfYbJhnc,Students in the study,Knowledge test scores,test scores and group identification,students in the study,NA,NA,Juergen
zN6RRwFR7vSw-48koUnW11Y9UaChWQZrdDhfRyZwNl0cdlUQFJh2p0VvWkcmNPmF,Number of students,Knowledge test score,Knowledge test score,Number of students,NA,NA,Juergen
oZQ-2r5IMP-PvZxQfhqiLVksW4orVdUgggkspASOuCwOgPUUjTIBhOGb2Q6Tp8NX,Number of students,test score,test score,number of students,NA,NA,Juergen
31xtufHH8dDG-GwAq4bJgT-HbDwAOWEccQqzwcvBZQkIEMuN4Jx-Vrj0Zsj4UzwP,Which reader group should be here,Test scores of children,The scores from individual  children,Who is reading,NA,NA,Juergen
21uhTp_xY56piYWRJYJrYRunV-oSV6NTr7P4AmrAbMx3IS9u5KkX8Fih3xyTe5UM,Number of students,Test score,Test scores,Number of students,NA,NA,Juergen
P_q7bs_A-8QfeGdoikebbZxU_QGsCA5GK5hSzXi47Jy5VRwSbcZsLUfnq2x6y-ia,pupils test scores,knowledge test scores,scores,pupils scores,NA,NA,Juergen
hC2NYGjxIgsiqsLd6DdXMRIr8QarhDWQXVxz8fDrCjgRjo1CVPJ5bVQouDoEIh_Q,The number of students,The test scores,The test scores,The number of students,NA,NA,Kristina & Juergen
tQJNBeHuyxaQZkv5RhFalZsHQ8SRjeSRMc5hrbauua9uSi3B9RUFSH03fZ3jNp5F,the percentage of students,the percentage of students,from live lesson or recorded lesson,live lesson or recorded lesson,NA,NA,Kristina & Juergen
0VjQGuTPkBi-d9NE89qdNpr5Jqj4BzYiL6I-mq-qNCeRlmylg4PdHBRoBe2RxSZ5,The number of students with each score.,Students test score.,The score of the students test.,Number of students in each score.,NA,NA,Kristina
QTk-LYz17PHScV-V6fr6REil0r1u5v4L34IOQMukbXaRGV7tTycUZpkAb59Grq18,number of students,test score,test score,number of students,NA,NA,Kristina
THVyScznxfRc9eQh7zEOygjryIfiEOHzZ6IKbeDcGnRhRrvCDEebiSBY3tPLl1wl,number of students gaining that mark,test scores,test marks,number of students getting that mark,NA,NA,Kristina
Zuya8lkx16A-xja_QBQV3HwZX5UUWYeKKWdd-ObeQ50thuE6lc98ZKfQXul_JIIf,"the variation/amount of those that got scores in that point, that's to say that the bigger the bulge the more people that scored in that range",the possible scores that they had,the grades they got on their knowledge test,"the amount of Ss that got that score 
",NA,NA,Kristina
tLUEc_tURwBtP-OrQWN7Mv7t2CvoUV8CN0rXKe9CFlNatDYAM0OG8qF8Uc1dVtjL,Number of pupils,test score,test score,number of pupils,NA,NA,Kristina
dAqiX2cEfVb9KScPDaoegnz4spwQTqBOe5LFTNvkCNkeC6-COTf9VFbwRPKYfGbh,The number of people in this score category,The score on the knowledge test,The score achieved on the test,The number of people with this score,NA,NA,Kristina
IsboxwTaYIqdH3f123Dk6vb3n6gweNne3YXJYTsF2nNAgu2Z9ctitJgm4JuOEknm,number of people,test score,test score,number of people,NA,NA,Kristina
CmIosppuW5NDHXgO79PWeGBRa1hqPDnW-a_c03b7dD1c5HAiu7zHy8qnN-LcK15D,Represents the number of knowledge test score,The number of students,Represents the number of amount of students,represents the numbers of scores,NA,NA,Kristina
OLxZeBkZqh901w722LLc2mhn6mBnyW3hZjV0fMgvBNmKwi3hf8bX5CNlt85-bo6n,the number of students,knowledge test score,knowledge test score,number of students,NA,NA,Kristina
HGUAJokqahmm476O3Iv-sgunlt86XnvobnQtKA-0ZKcUw_U3_LuH5Xz9fgWB1c8p,the percentage of students having that grade,knowledge test score,the grade that the students are getting,the quantity of students having that test score,NA,NA,Juergen
PiBTzAivqduREexc4QA879HqoUBmI5TuVotCLzqQO-iqGUIJuAQE66D-JQR4Zfk0,test scores,test scores,number of students,number of students,NA,NA,Juergen
0Kf9aeMAIJuyWXyMTj_A57W0zbs1Cg2Yfc8lvWusL78aFFac5-VqUZiP8sEiQQ0N,This means that the biggest amount of students got around 50% for the test,This describes how much did the students get from the test,What percentage did the students earn during the test,This describes the amount of students that got the result,NA,NA,Juergen
hiDiFnZXN8CJ5vFdB3ZShYXU1C617V563DE1mesCNT8WnofUB5BLAogCqn0JAQAf,how many people dot that result,the individual test score,the individual score's,the number of students,NA,NA,Juergen
De0u2TfyKlYiSU-dWPYKQBx1hHsX_1sMZBBh5d4-zACc5nI1YCLqDjvGYDWNlZOz,The percentage,the percentage of students,The students results of exams.,the results of the exams,NA,NA,Juergen
eNaitvWzl5tfb8YRII0TeyLwcv6UsoANwp6zsHXhgdz_0EC0QcAYU2PAVuxBy6La,Number of students,Test score for experiment,Test score for experiment,Number of students,NA,NA,Juergen
gRhss0SxCI_hHGCy4EyqXwxJOkh1SE39DPuj3Lf-3X0LAu-T6i-BfHqmtKsLz7wX,Number of students,Knowledge test score,Knowledge test score,Number of students,NA,NA,Juergen
oHf1AMJGoM9KiM2F55f5wi0FLiKNvS5Lx7dmuqwTzcOxaEgxPylk6PwPk5dBm8qg,The number of students that participated in the study,The score that each student received out of 100,"What percentage the student received after reading the text, by testing their knowledge",The peak or average that students received,NA,NA,Juergen
QeTEesh2OsFbZJeUff55T_nHhdkmDTElaNNJEOy2tiuWfd_kn1Cqz8Y_3zwfzAP5,Number of students,Test scores,Test scores,Number of students,NA,NA,Juergen
HLpUqxS3aYgBKKL30vZ2oBxg_aSCyLElUTWRQZXt9EDHHG_-otEMb6YTGm7pUQCB,number of students,test scores,test scores,numbers of students,NA,NA,Kristina & Juergen
cGR8Ys2ET7zhoGkHbKgoU2j33nVmyz7A8vuMXgSXXiharNsN1NOBHeoe_Ow1TRUD,The number of students attaining certain scores,The knowledge test scores,The knowledge test scores out of 100,The number of students,NA,NA,Kristina & Juergen
pgsyKjNwOqfVRVostYj-ziqUY2NMbkPVMAMeXd2yR_LeNhGoWQ4XX7w-DzcK5Mxy,The number of pupils scoring at that level,The scores from 0 - 100,The scores from 0 - 100,the number of students that scored in the range,NA,NA,Kristina
0rndopRV3_JQkaO73dyYwxxZ1HKJsiaIghXimvYHXkInuV96WVI0VEHsl74nNfQK,variation in group,test score,test score,variation in group,NA,NA,Kristina
6qYxntbf-perjooPovZLOJUnGteAuqG1Cpsk3yqITWVxj9bobBV-mL128K4wA3aw,Number os students,Knowledge,Knowledge,Number os students,NA,NA,Kristina
yxJ7yXgJlHnpE18xqqI0FiBIJKV4dMeqsB1SlYvB4Nd-21qNseR8VgQ4zwFd-37a,amount of students,Knowledge test score,knowledge score,amount of students,NA,NA,Kristina
6TkPZh86B2FrnuW3_i1x55Qp6ZmyE8TUMjg3RDNMqdDe-KRF4K2lPE4D8fDX031_,mean score,the starting point,knowledge test score,the mean knowledge test score,NA,NA,Kristina
fAlQf1C8fSeyQyrsH181klKtJKFFn-3pMdRnOgT8I2C9qFaOi5BsAdRykTynMbx_,How many,Test score,Renault,Test result of how it went on live lesson,NA,NA,Kristina
N7Iveo35dRnPBKIh48OayjnXP_zeDUqbLa5-Ijqzi429yIn-htfxMMWgqm4TyguW,Numbers of students achieving each score,Knowledge test scores,Scores on the lab,Number of students achieving each score range,NA,NA,Kristina
cFwFEY36WFRej2PiS0_WyKouHRTD0RhJ2kOyQujA1Xl3V_ZflASrLsgRUVrRm8aR,knowledge test score results to be read from the vertical axis lines of measurement,the measurement increments per section being 12.5%,knowledge test score guides,the scale of what to read the numbers of the knowledge test scores,NA,NA,Kristina
Y_0RRHo6ah_GNp-fibVe0AKuOEe0OSIasRV1bU2RaTzwZdYVYoXuXy533FtBFkYM,number of students,knowledge test score,test score,number of students,NA,NA,Kristina
ckLD1N-KqWYKAKXL_8Wo7jtDO8iwfOtxuD_e_H7x4LAcb5005nXGaPpPdTIM4Q-r,the proportion of students who achieved that score.,the test score achieved,the test score achieved,the proportion of students who achieved a given test score,NA,NA,Juergen
kcu_P_enfzAMFl3LFQY1SRZopXy52Spgqoyfp2XiLBjZgf1zhCO910WbSsroCZ4Y,Group,Test scores/results,Test scores/test results,Group,NA,NA,Juergen
JjIA4AFLZTVTgB6nb7RdsJfjHh8skTBt6-lfsnpQFoqQ5NjptLZK0ZqhaBF3kFE6,students' score,students score,how many participated,how many participated,NA,NA,Juergen
-g4G8bysjy6oTKSvU9KGUO-anqU_AqkMQ8L9bJU9bn6c0izfIqyb2RdSAygoAsoN,amount of students,knowledge test score,results,amount of students,NA,NA,Juergen
E5hqskmfjyVDeH_P7H5-nzfn4HuBNpSKDpuoopmCJ5MUdc4_t5DPNoA5MDnqLFhJ,test scores,grades,grades,test scores,NA,NA,Juergen
41ZXca0w5SkAwWmarnkLiwEqn_QhGmYUk4yml9I1m5igzP9qI8Z_NGlWml2Wy7k0,distribution of results,distribution of results,knowledge test score,knowledge test results,NA,NA,Juergen
nYZgUf5NFkW56OJXfwA4kOJzx-2GurbOiJ1jeiX-XIbIZud1GrYBN8rnAjNWubwF,reading on paper,15-90 Test core and middle score,test score,15-90 Test core and middle score,NA,NA,Juergen
Nx6sls6jI-oKdpr3gvN8Sz93PL0baFCB8SM8EFEyuMCjmpBPQeRrIdGUxoV343Iu,percentage,knowledge test score,knowledge of test scores,percentage,NA,NA,Juergen
cnryrhP87mQ1S_-vtG2YBi4Jo_IqLTxw9o53HtNInjlZuKMrPfeUOFfsgz6tPpc0,number of students,the knowledge test scores,the test scores recieved,the number of people,NA,NA,Juergen
4CBBfE3wE9noGreWVdMz-Gk0YzuIRuokA_gPTipmYXzf91Kc9J9qicwtlli0dh7x,Density Probability,knowledge test score,knowledge test score,Probability density,NA,NA,Kristina & Juergen
oQPaiJhoNXjcnH-k-cE2cxWWio_Pi_RrWrNWZYFUFKLA0FcN_BAaRQFL-QJ6NYiN,The amount of students that recieved a certain score,The score of the test,the score recieved,The amount of students who recieved a certain score,NA,NA,Kristina & Juergen
wXoUgHN9iPTakavF-7qJeoR5B3BspkaTZh5PbYhicJF83VFqxuEh_C14jAAbl-j9,Number of students,percentage of correct answers,Score percentage,number of students,NA,NA,Kristina
HzHeUDuJXvrktuSni2f6CG2Db7TOArADaDD16nVMqoUwtMQAYuGU9rtwLtSxmln5,number of students,knowledge test score,knowledge test score,number of students,NA,NA,Kristina
6zRmZ8yhZ8S4K9YDIc01pC3XfdsDQk8AIFwRF274zkiz5m17FneswrNzLwNqe6l3,Number of students,Test scores,Test scores,Number of students,NA,NA,Kristina
ORG6iRVWN5QwvHag4k5p6Bf44cjkYxGWwk_AHiX7DRgzDgnhFqAIf6E_8lrqdct_,Number of students,Score percentage,Score percentage,Number of students,NA,NA,Kristina
bBdGKkuJks80MD9rNnwqjnTZWQBtEKnuOCWAIgYO3HLwtzc475tFRqebw16b0cBJ,number of students,test score and the mean,test score,number of students,NA,NA,Kristina
Z-fVY-KRxXN3g-78TVal05Ghb5vXvzG36s3Z3CoSXbMeezb4Xdraqv5SyjwVOmkS,Distribution,Test score,Test score,Distribution,NA,NA,Kristina
lHzQzYtWVsWJWYcdDnf-Q62clKdQdD0wcJwFiZ4h54-1gQ4RKGJcVGpWqbqRM9FG,number of students,knowledge test score,knowledge test score,number of students,NA,NA,Kristina
rqV9OikQZgso7mkUx0TT1SkwnVQcbGO1DOG9ki43yINH8_gslW47ppSBMBiBJTfT,percent of students,test scores,test scores,percent of students,NA,NA,Kristina
L_p1sMAGNKHXSt8nK4nYu4EMYFiWL0CFH8RbtLRPefqV1Rl7xt3ZFovvViCk-ZwZ,the amount of students,the students' scores,the scores,the amount of students,NA,NA,Kristina
O7Buyk1yhMyuzMY99IZezaU-2xGhhHpYWGDGiVKnkL6wubrsjkxXDs4GmMICXEUk,test score,test score,percentage of students,percentage of students,NA,NA,Juergen
uYuQpIz-cA96zxyKfOVXj0iGTXCUaTr4cTPQnVMdH3Fk3W6GF0kD-5OKhJ0YOVAC,Number of students,Knowledge test score,Test score,Number of pupils,NA,NA,Juergen
Z-BgXvsCz876gFmpuIU6KuHokj4Os8U31X72Oto-FtYnj0p5FJDtbpfL-V89VZeI,total number of students,knowledge score,knowledge score,number of students,NA,NA,Juergen
MmXkL4hwiOLXlL5euInZO8O1dCPw4Ot1XicBQ-Q1zo2WRItL6X8EHuEHegQWgw4f,How many people achieved the score,the test score,The test score,the amount of people that achieved the score,NA,NA,Juergen
e69uySCet52enb_wM5n1JVjnIQM5LuYp3NmiC2kxGk7vsyuHChLqdZI3YPrrY2xB,Mean or average score,Score in test,Score on test,Mean or average score,NA,NA,Juergen
344fjbWmI_j47Qg9LJOqnL8srdZSFIcU4EwEUZbMNWtcqnFdFOvdMG0CS-vShUHF,number of students,knowledge test score,knowledge test score,number of students,NA,NA,Juergen
AHPaH6033PBZiA1aZse2t5nuBWcLZm644JdCcY1c0fLc_zOdKzHssqiZYNxnD2_j,number of students,test scores,test scores,number of students,NA,NA,Juergen
v6KJODdo8O2VhzMQ-Jwg2wqGot4y9U9qbqkOYELFqsC2vcfVdnSXvbLOsvn3tznI,Percentage number of students achieving a particular score,Knowledge test score,Knowledge test score,percentage of students achieving that score,NA,NA,Juergen
o9BK3ydXtUPzlZrYk33FYWSWwjAsFmpWbG4zr6kjebPplSV6P9AaUbqLsUG40to-,The proportion of students who received the various test scores,Students' test scores,Students' test score,The proportion of students who received the various test scores.,NA,NA,Juergen
iyLUe5-ZGp2_UUljv2RjSNj0s_znU71Wh10olfGN5maAtVB32_QRLWKICFNGy_k4,Frequency of score,Knowledge score,Knowledge score,Frequency of score,NA,NA,Kristina & Juergen
DuGmCO36YXoj7zXOZjDKTjdzWneL-zvFJMD2T7AkNnzyrVG4y6iv7Cj0uRJaHUDF,Number of students taking the tests,Knowledge test score,Knowledge test scores,Number of students,NA,NA,Kristina & Juergen
bYQFDJyUP0ZbJKWxrcAT1HspvqLkqs3KsDLKRzYhJaVqTpSGyPpQ-W3Xq7k2ix3c,the number of students who scored that particular score on their test,the score out of 100 on the test,the individual score (out of 100) on the test,the number of students who scored that particular score,NA,NA,Kristina
g6gN29mzbQZbO-5IqGBOxpvLqWPohiSVuiRpX6LZrLhw6c5X803-4HRZ2P4pq01Q,knowledge test score,mean scores,mean scores,knowledge test scores,NA,NA,Kristina
K8fCAi0lyet3Mjq4hKi6CB-v8kCz1tEH6FvmgD_wPe-QmphctL_Tck-HW-ZqUt7s,Amount of students,Knowledge test scores,Knowledge test score,Student numbers,NA,NA,Kristina
FTsIHgGbVYeAZHrR-59aaYQ2dznu4aZOPoheD7Dei5Mn-jiQZrdeEwDmGFHfXrM1,number of students,score,score,number of students,NA,NA,Kristina
bPiN1m8fOYIIpNeGrUCSWTQdHsORqA2DHDFQ4K7vN42cF0K23NzMWwvt6Zk19ttM,"How many students achieved the mean score. The further to the right the shaded curve is, the more students scored 50.",The number of points the students scored/the range of scores.,The number of points they scored.,How frequently the mean score was achieved / how likely it was that students would score around 50.,NA,NA,Kristina
fXyWIFSfuB4kRsid6pOZcLzPGIpSKWXc1FYwgxU6NBs80VvvOYRUuraGz-taif8g,the amount of students,knowledge test score,the knowledge gained,students,NA,NA,Kristina
Z0dsqw9mTalDrL-ykptPQhv2UIMgbREBa0xC5QpZDrRT-Zli-9hZhDnC8mLdTycD,Number of students getting answer right,Knowledge test score,Questions got right,Number of students getting answer right,NA,NA,Kristina
LRGfNTMOmpgfP1WWYMBCEEmzahiRCyF3hxV-1U9KJgyjhnEtBdJ0OSF5c4giAUnA,Number of students taking the test,Test Scores,test scores,Number of pupils scoring that mark in the test,NA,NA,Kristina
TqPZ-A19e2d2ttmMBV9ztS-rSC6q0fIt6czGqon2CAw0RtaREtUsAnzvIoAwXivl,Number of students,Test score,Test score,Number of students,NA,NA,Kristina
d3eHHkH9vvJpMwzxFbsB5ebmmGlkVfKenrDMLYmueU4UAvXLJHk0zXVwmbjVwZ59,The number of students scoring that score,Test score of the students,Test score of the students,The number of students that score that score,NA,NA,Juergen
lkJlFLX4IXv8AkvxgGAAIAbUACzmMHVWR5HTYAsJilnnlYsNi6mJ3XbzDGYzJqzv,The number of students at each knowledge test score,The test scores that the students got on the knowledge test,The score each student performed at the knowledge test,The number of students who scored at each measurement on the knowledge test,NA,NA,Juergen
XpvdMCU2tfH7JfBtTkQyn-LjvrMzVIIyajEho4kbZR7Mz1tNgYjwofwwioUbL6fL,Number of students,Score achieved,Score they achieve,Number of students,NA,NA,Juergen
M4TveOjg6M82SvRYuLFix4SJYJ_LxYBvqqS1NSQmOpFvKBm6FxfWyXF95d51wuWL,How many students,The percentage of each group of students,The percentage of each group of students,The number of students on each answer,NA,NA,Juergen
_WXiwzvx2eAweuRVuL4S6rxYXmHTVXpg89Vnee1zAgrpqYmITLQb9o5n9xprljlp,more variation,little variation,little variation,more variation,NA,NA,Juergen
WBVI6R3m6rQGnP4Zuq1Epcs2s_4DlyP-oz88hibfCB-z36vanViE2zOXFpNXm3We,Frequency,Knowledge in test score,Knowledge in test score,Frequency,NA,NA,Juergen
Ne6s9wsBwRoLuxTmKdNjWItPMeI6B02-yP9NbpFE-HvfwOhCzTITmX9Sa6ZRdkPM,The number of students achieving that test score,Score on the test,Students test knowledge from 0-100,percentage of students recieving that score,NA,NA,Juergen
vfEvxvurlf67GUPcshiq_z-hjlgNHAEmvzj5XAi4EMcHRf2LzfgLW9Fjfq-ugABT,The distribution of students' test scores,The test score indicators/increments,Test score indicators,The distribution of students' knowledge test scores,NA,NA,Juergen
o5NUoE-tSttLIaNxHHIM3JSMJ__BNHYGqmy_EPXioR5CZ_91o5rQ5jEH7dk9vYDh,Percentage of people who got that score,Knowledge test score,Knowledge test score,Percentage of people who got that score,NA,NA,Juergen
Vbd2tOlJ5GuZ6XncqvYVbqALfJPszwFuunowBzZ7UCd3318qR5boIfjGvOfwSb72,Number of students who made a particular score.,Knowledge test score,Knowledge test score,Number of students who made that particular score,NA,NA,Kristina & Juergen
I8UEXvG7Zih3at0Y25ZPBGp1Syf1I-xLMnd5EAWacVGOWP_4ksyt9LDN9gbKI_JP,shows the resulting percentages,"
achieved result",result of the test,group size,NA,NA,Kristina & Juergen
Vh1jAhEwqnmCJxpQG-zC6-JfA1ZOhwrmqcjbTUoAPM6m_ox1GTnacxwtUvJseDqS,Test scores,Test scores,Number of tests,Number of tests,NA,NA,Kristina
UQLHgM_CHQnxYMmejCoL4EK6R1GQmtGHTxtSe78NbtwYJ9oad5w7Zyq1pLqlnM1b,The number of students,The knowledge test score,The knowledge test score,The number of students,NA,NA,Kristina
z8PyBVxckf-UNcCRLc37FFF2zahQxgwgrt_B2nD26WeddSjaAbb5Y2tH2l0ONID7,The amount of students,The knowledge test scores,The knowledge test scores,The number of students,NA,NA,Kristina
xEqjwpTiwVo2naZv8YvobtSqlRuuwk0AnHapICt5TH4IIc87-dh7sMnlojBq32Eh,number of students with a given test score,obtained test score,obtained test score,number of students with a given test score,NA,NA,Kristina
gxUCDqoPuwguhwfzkccfF4qoIkVz92tQTJ-lV5MbIJvAPvXfcSVcYmvNbixex5Wz,amount who got 50 plus,Number of students,Number of students,number who got 50,NA,NA,Kristina
T--j7aSzK0HujdeSZQf4ZPJc-iMwfo7Bojk90ZYUb0Km8-tyVnsJ-Nhrvk6KV2NV,"The frequency of each score, so the proportion of students that have reached that score",the score,The score,how many students got that score,NA,NA,Kristina
Miu8U2K0uWdRAWMlzwiGjttIqnmhjk3dHqeaQjGldTLGKjYNypTuJpPSi--G7qHD,frequency,test score,test score,frequency,NA,NA,Kristina
-rWFR5GwKxjoKX8xf6bUqCd9si4fvd-UUGoG6IuTrwS2WGiupOSllN-QfFDPQE7O,Number of students,score,score,number of students,NA,NA,Kristina
HCJ4P4mfGHeEWGZEdAPBasSon64hl2aCkw7dwdBiDqtkJ1YisLLj7pzj14ph2DhG,The number of students who feel in the vertical axis score test score numbers,the test score,the test scores,the number of students who scored in the horizontal test score numbers,NA,NA,Kristina
WDxKuK2gmiW2NyMAQjXRBFTa3pV5ONqejKdO5UAi2F4Nh4Po6nkI4HI1wYOHmCPv,Number of students,Test score (in %),Test score (in %),Number of students,NA,NA,Juergen
qiiADew5jC-aGxN6Dir_EOUaJ708mXF-Revm-OjT1URSNW7ohgG3dzxDJGFI69Mv,The test score of students,The exact amount of students who achieved the score,The number is students who got the score,The percentage of students to gain the score,NA,NA,Juergen
FRz4YlliBOvl7y4DEByvXHM--rgan99g6Qv4Oc-FD9ItTcvSYcN4naj8g-3Eocod,nothing,test score,test score,"probability (same as prior - not nothing, sorry!)",NA,NA,Juergen
u__fxj36x3WmbSS3T52cRLjrFgRKc3bvvyDAD4FP7lH7rSpsFuu6wTI-PTmtsiWg,Number of researchers taking the test,knowledge test score,total knowledge test score,total number taking the test,NA,NA,Juergen
6DeEPHqJfaRTBLYFsG4eJ54KPt1fc_wpeXVrcfMOG1hI7AUdYJAlAV3Alg8W-i7C,The number of students who achieved a given test score,The knowledge test score,The knowledge test score,The number of students who achieved a given test score,NA,NA,Juergen
PjFD19VxcdPYGNDdxl6W1cn_dSe58cAuEFiweejqOoH-l-npO6FgMBBEPLD5J0Ux,The greater amount of individuals with that test score,knowledge test score,knowledge test score,amount of individuals with that score,NA,NA,Juergen
dBt0OzjfOtFGxgdJqQGM1oLtvwe78nKlJB0G6mjvWSW9zw90GOlC1RYTMmx-mdOH,the mean score,the test score,the test score,The amount of people achieving the score,NA,NA,Juergen
8rMgIhQli96BKPDnor-YzWFa0JtYEElBBX8nRRTzWxaQGTZjkZXWdwh78aV7Pdc_,unsure,test score,score results,number of children that got the score,NA,NA,Juergen
7b4D5R8KHzTSGbReSRFPRRUnZsgP7t2hTs4knuB6-QRzBx_9ekaoDriTf5czOabP,Number of students,Test score number,Test result,numberof students achieving that grade,NA,NA,Juergen
bPP1nZaaKdk9tr8YY2lvAiD56CPh7WD3ijNHjMYYaAdNhGQCHRXlwbveOF97vTV0,number of students that scores given number on knowledge test,score on the knowledge test,score on the knowledge test,number of students that scored given number on the test,NA,NA,Kristina & Juergen
tSPVOj3NCH7a_RCSVdn0wCa0tMI8Kg18tUXH3CVs5k1m0_9evjE6knZSR0h2UCFM,How many people,How many people,Knowledge test score,Knowledge test score,NA,NA,Kristina & Juergen
hmzjdD2IdhMSC-LCEVHkt_33TA_KyABfalfdr_XM_5pygo3gEX_6UmP3i4HgLaoz,number of learners,score achieved in the assessment,score achieved in the assessment,number of learners,NA,NA,Kristina
zCeVJYHHFzDJnxriLshPhTur6UCXCFc8u5jg5ZFzX4Q2j-Xn5v2vVGTvXCCTJoSH,Percentage of student at any particular score,The test scores,The test scores,Number of students at that attainment point,NA,NA,Kristina
FRVBg3he6SthSpHSOhji9sgKdKqP9ZfJSDcIcdJJgy6mw2vA7SnUal5yHgawU_nA,Number of students,Score,Score,Number of Students,NA,NA,Kristina
nxb7CJTsQkExgbnWFMcF2WwdauUTmf-LD1qm2Oo2Mt9u7yupebCz858BRJ0E3ix6,the percentage of students who particapeted,the score,the score,the percentage of students who participated,NA,NA,Kristina
Cmhfp8p0TZp4OXJY886VlYuFL_fdwCobB0UEjWdg5IqnXGATpzJ0ApCDzCOPOHoy,Not sure,Amount,Amount,Not sure,NA,NA,Kristina
SrkZ8MFO0JskB2SqkL0A3cWkflb3HFYmyiwdm5O87-EZk_iUTdHmmBnfz-OFy6pA,Variance in student test scores.,Objective percentages.,Objective percentage scores.,Variance in student test scores.,NA,NA,Kristina
Ow2CXdy_s3MEoi_X3h15VlF13B7_jIZCYHSyTwP9p_SuZC8tVfuKGRdZSQsgRjzJ,the number of students,the score on the knowledge test,score on the knowledge test,number of students,NA,NA,Kristina
OjfBl0Au0Yk9ufY4EDSIa48E_-hWzmovSDIrkYyEaCdSqExaYpipyhwGgHu7loji,The frequency of students who recieved a certain test score.,The knowledge test score of each student.,The knowledge test score of each student.,The frequency of a knowledge test score.,NA,NA,Kristina
MWP_RUNF6EpNcL0gAhaZherMR4UE7QgBIjvP1_Eg6wp2wCe_k5sNw6_STwZw_Bbx,number of students,student score,student score,number of students,NA,NA,Kristina
eMzI-6DzmoNGNIn9DO8LPDqe775cQWTAAlNca3q5R4xjseg12g5acvqpfVNPlvLV,The horizontal axis is a distribution of students. The number of students  taking the test.,The horizontal axis here is the range of possible test scores,"The vertical axis represents tests scores, the scores each student got on the test.",The vertical test axis is the the students as they test and are place on the graph.,NA,NA,Juergen
vzuLqjch0arFlKL-P1gpkavsV3Y-7YTIz8bwC74tvhPCvX953bUl1KSEIqia47Ln,the number of students that had that percentage in the test,the result of the test,the percentage/result of the test,the number of students to get that result,NA,NA,Juergen
24mwl4RdPIF5MhlfMk4vWSEl-qL7aEPaw5Yw5TeB5L-URm1uInKk2GC0VuP-dflC,test scores,knowledge test score,numbers of students,numbers of students,NA,NA,Juergen
nCI_PKQoIsO6NruwppNWG4mt3tnyKO-3rO4u-v_0j606OHan0H3afbLJugZ14LuP,The experimental condition that the data belongs to,The students' scores on the knowledge test,The density distribution of students' scores on the knowledge test,The denisty/frequency of those scores,NA,NA,Juergen
JvJtINwMvfvfisCiEIyUAgjMgEkz-97oHF408iu-a6Ddu0YRWi2hq9JtYMKontZ0,average score,knowledge test scores,knowledge test scores,number of students?,NA,NA,Juergen
QPxSMaorxTmVsiwZ_Uiriodqf4NA5WTH2tA8uTr0uP-h-epO-EsuV8_xVZhJraMe,UNSURE,KNOWLEDGE TEST SCORE,KNOWLEDGE TEST SCORE,UNSURE,NA,NA,Juergen
bA6p6Arv01oE2qZRK8X0hBftNN8HCd2T6Yzl2kuPobrlhnCs_Y-zniwWyEvrDm-i,number of testers,knowledge test score,knowledge test score,number of testers,NA,NA,Juergen
_XThH_nZMCrfgqB-0hPS1bYEzuj-tnD5uRcYWWKHH5yzYMNMmpsakgyZVGrBo_nM,Number of students,Score,Score,Number of students,NA,NA,Juergen
G2a071FWySzv_2XL4WP2Pn5vXjzhRTZap893cX5v3DKCnk13uZIGJcr4QCoN2BTT,The number of students in the group,Test scores,The test scores,The number of students,NA,NA,Juergen
2HbX5q8h19NGQx97xB7esQMMOuUthGkEv3bGhEI-NWr0n_MJx9Z3_rkWu1z6zaA5,how many people achieved that score,the test scores,the test scores,the number of people who achieved that score,NA,NA,Kristina & Juergen
A9d4zef2EEMMkoUa7ZWzQcLN8PgmXmXzLVEuo13BZIig2A386uoB7j9JuaHnV3Vc,Concentration of scores,Knowledge test score,Knowledge test scores,Concentration of scores,NA,NA,Kristina & Juergen
DfWHT5t441CUTo1DMgd6hmp9l-kj4-w_SIGAQQVL-za-ElsI0ShkqbdZMRsMTzHl,Number of students with a particular score,The score,The score,The number of students with each score,NA,NA,Kristina
KcfJKSBxMJ0leLp_LWyyZ1dHNVaqruCwWUjklbV_yCjOAeRSAkywUfMg4PUk8KSQ,The number of students scoring at this level,the test score of the student,The test score of the student,the number of students making a certain score,NA,NA,Kristina
fxy_XcwFWpc0fhaKLlscTmDhDCGEdjvRUkLDLpvg9_KVfECnL2MF4_lCIyWwgaF-,Number of students who got the particular score,Test score,Test score,Number of students that achieved a particular score,NA,NA,Kristina
EVCG9eRH4D1Px5U7u35u9CcWe8WR9MBo1pFQslh99T6ncfv4MExHwK3FYk9NG5gc,student amount,test score,test score,student amount,NA,NA,Kristina
dzdFDWj9lknm6dGzyN3KUSigUXJM2RvmT_XUwxTBmkDgTzoNf6W6iBUX04WYpgLd,Amount of students that scored at that percentage,Percentage scored by student,Percentage scored by student,Amount of students that scored at that percentage,NA,NA,Kristina
1AwXR7bgG43zm3VuQIkIc5Z1Xt0CRtJdAaDOjE7bFySf9KcCuzCUZD4SE3EHJHgs,no idea,knowledge test score,knowledge test score,no idea,NA,NA,Kristina
nVl63mEopCFQuk8kJLcTcA6vIhIqtfpAWyw09UR7CUhfqcv0QGt1h-hU5RTRAgKs,Number of students attaining that score,Test score,Test result,Number of students attaining that test score,NA,NA,Kristina
vsJO2mwd2HW6gvJC_5iZBv_k9IzFejy2aSGA02VyRUAY83QUcOOpRMy1IBIvMt9Q,Number of students,knowledge test score,knowledge test score,number of students,NA,NA,Kristina
stlK6doyB38biV22avEmZFQnS9C51-737eTo0OIOgi-JNgs3KO4qHdosEAd_-SGZ,Number of students,Test scores of students,Test scores of students,Number of students,NA,NA,Kristina
54lydtxBXCls1PxQqKlXLDLCPKLl0eiKEm_nH4G9QYKs5nrx-dfVmS-M3zPOYGhn,The distribution of student's scores,The knowledge test score,The score on the test,The distribution of the scores,NA,NA,Juergen
NrQ7g1CypBH7NltrIbHhD-vHCe3qAStuvUkbiHetAPfFUr2IhSyIsADBERKhV3aa,The students,the test score the students achieved,The score the students achieved,The students,NA,NA,Juergen
U3nNja1wOgEYfKJFtdCBJFZpFOTF7iQuAxEw8-f58QnBWYlcESFnR9nEu0Ta6QbX,"distribution of students' results, hence more to the right means more students with this certain test score","knowledge of the stundets, hence their test score","knowledge, hence the students' test score","distribution of students' results, hence more to the top means more students with this certain test score",NA,NA,Juergen
WgVkd7N9XHlCqbQCfWBkPddnFUyxY10jhcXISiu3cL6pkShxsxV485GyN-M3KJlS,?,knowledge test score,Knowledge test score,?,NA,NA,Juergen
_Hjuvmx59h5meZaKr2EcFXUCxfk3ftxOINUYJOYtLMAMWyE1zpbgzcc_AWp2sHPV,number of students,test score,pass mark,student numbers,NA,NA,Juergen
coXG1YekeE7KrAsPSxpmdtxGhzNzt_NzCqsQQ7QMtI1FCply6M127StCCgK1kBVz,I don't know,knowledge test score,knowledge score,i don't know,NA,NA,Juergen
Y5mMmUIWDXhDgJTImne8oj4IK6XLLZBptw7TZsuhNF8c2-SIpnKEHoMaife5-c4Y,The range of students,The range of students,The amount of students,The amount,NA,NA,Juergen
GAEiOtznmkVZmm-jpGDDUVQOzLYkx_9_qjMWD_cmqqiFs5TL6eM4RUl1d7QCs2uj,"number of students, presumably",percentage of correct answers on the test,percentage of correct answers on the test,"number of students, presumably",NA,NA,Juergen
wj8ay7FsdO1KjcMo1relwb7Tp7aYH8lThIrp4a5Fi1f4pp-j4tWkJ2bPmeKk8KX3,An outward percentage,The mean number within the graph.,A number within the target mark on the graph.,The total number included,NA,NA,Juergen
xY9rWllAqyLGyl0Pp8SYSyWAlAW9rUa2DbH0YJYvK02fj53b8K6NjODkZwPHhQ_3,quatity,knowledge test score,knowledge test score,sample quantity,NA,NA,Kristina & Juergen
fEYLH_u0oDSeyqdr8vPClGUlG_Kr3zhRp-ncKYjzcnEjNsT6ehMUFctlRsJZ-9kK,How many students achieved that test score as indicated on the y axis.,Knowledge test score,Knowledge test score,The number of students who achieved the score as indicated on the y axis. The distribution of scores.,NA,NA,Kristina & Juergen
Q_fkBHIsYhco2fqA0wDks1HeDknrJlcqyYprkhlqNacuzUwyoLpxXn7yI7RRTiAJ,The number of students achieving that score,The range of results achieved for the test,The result they achieved for the test,The number of students achieving that mark/result,NA,NA,Kristina
3hOgGZYlRbXhfvxECMciUmAbjUXWZr0_YyHA8SYeqFE9QYQkf3W1nYkwJDwbVKzH,Number of students attaining this knowledge score.,Knowledge test score.,Knowledge test score.,Number of students attaining the score.,NA,NA,Kristina
Nxy-fx7bz8zFxDe62dctaCRnZcGRi5GFGT_gH-L6Is7Vhdz59z7Gz6RfVKVYybtT,number of students,knowledge test scores,knowledge test scores,number of students,NA,NA,Kristina
FA1ieb2gFht6KVY494-F9ygfAjZ-gjp_AhS1g-hYa8TwMuLu50PgS9M6GhDerrBd,Number of students,Knowledge test scores,Knowledge test scores,Number of students,NA,NA,Kristina
gZEsBsFskUp93qjoSCoRdrkq3Nu-cko2vmDStMeRSTr4Urz-UvupqKSjpf7ujwlt,Number of students with a particular score,Knowledge test score,Knowledge test score,Frequency of student results,NA,NA,Kristina
9mD8gJGz26xl3ZxlCZVsIml02Rm9gMXHYXtu5ufrpkIb-JGqH_tyIuGphd6FWIL-,Number of students,Test score,Test score,Number of students,NA,NA,Kristina
55srIA9rL34AL8bVK8NTNOljUNqGH4e2gLKtf82VqhbD2gVVHDfDQHzrYfSRIyl8,number of participants,knowledge test,knowledge test,unsure,NA,NA,Kristina
rnJbGq7Ra7Q8KZvPXsw-e30QTSY1dLxmfX7_1aA51O0Mwu2U7NabY7nv_D_4Ghn-,The amount of students with this score.,Percentage of score of knowledge on test.,The percentage score they got on the test.,Amount  of students with that score,NA,NA,Kristina
RWTiCN9sdkFUKMZ3o2z8OQFNY9XQ4yXHqlA_xjlpKhtCPq1LwyYGPDPqsUWGCQlk,The horizontal axis represents quantity or number of students,The students knowledge test score,The vertical axis represents the students knowledge test score,The quantity or number of students,NA,NA,Kristina
GE0VScG7PWAqeRxTQFgOLogKOxfcIw6gPmopG-_C6yOKwqSNkoHBbWRXMKmtSmXD,How many students got each text score.,The knowledge test score.,The knowledge text score.,How many students got each text score.,NA,NA,Juergen
ZtgUn7q4N9yzOY7qjMNMISjQVAiui9PMkNOGD8gnW1amjtgakncLIM0CzifiUdKX,number of students that got that score,test score,test scores,number of students that got that specific score,NA,NA,Juergen
DiU_mFmOnmh3CCBdes-kcg5jY0gM9U-7SbIPE7VI4AqstuJR4-LQb6S-FyYHjyLo,no of students,test scores,test scores,no. of students,NA,NA,Juergen
kTtdJrBrwMV9jjlb2ybn-W55ngfskpAyjFgycJ1TL_OfrLTJxQ2duXYkyIgT0AUS,number of students,knowledge test score,knowledge test score,number of students,NA,NA,Juergen
O65yhNSxHfkoO4MOGDxRNhfOhwb_PogA5XL4ouRHLosQcIpJTJBjpabWsJyNlLMl,amount of students,score on the knowledge test,score on the knowledge test,amount of students,NA,NA,Juergen
UjyNATznmbAQ9PuPGKe0DyTVInrUeCYPcds2PwSVITyw7cO6uJa-H4mtFgMzSrGz,Variation of scores,Knowledge test score,Knowledge test score,Variation of scores,NA,NA,Juergen
5kCQj2lKExjvSSQKCC_33TGXuNCcu14d7E3RXfMGz0HNq1pdn-xAMVWmZGYFeUev,number of students,score,score,number of students,NA,NA,Juergen
yYXpWCjKwIGfWS7Eck0vcUACOdhpGZH7IVq8bsbiXAaWxyfLlw91flfdhVoGA0ND,Percentage of students,The mean,Percentage of students test scores,Percentage of students test scores,NA,NA,Juergen
icTnjWl1EmuKZ49_MZZ_qGa3UOEUNKUX41HTx3upMdrdVrWKzYYa5SZRBOxOWXN7,number of students,score in the test,score in test,number of students,NA,NA,Juergen
g6f5mj0T7xpePquRDYKrw5_QOwKqukx18AdrK_LkIN6DJCAPPj-VvWvlyADqmp-y,number of children,Test score,test score,Number of children,NA,NA,Kristina & Juergen
gGrO1LYro3PVCknDIu8C6vBuNxqMvZS62OnFmyqCZUuDnWW6UecomqRaR5fDvxK_,number od people who scored that number,test score,score,how many people,NA,NA,Kristina & Juergen
zTBmYJJt6He6NT2D7IX7jwDpSI5RBkRMlE0IQxpDfiCIlZkY5RbBgo88N8WhGjxJ,Number of students,knowledge test score,knowledge test score,number of students,NA,NA,Kristina
Z6sINmc_tfrzS_XHqZ0WNpogbN9yEvM75PPF04bf-cfppfQ4WDbQFEgy5eIZv3Yk,Group,Knowledge test score,Knowledge test score,Group,NA,NA,Kristina
ccW80Y02FMHun4AEHZjwGeEcoESSpnqROscahcVfVOZtzk2RFpceA5EBbct2s1D9,number of students,knowledge test score,knowledge test score,percent of students,NA,NA,Kristina
H8dsPadeUadWKY8jsZuxTvuW6V9xxCfcxC_cMA0o-hoJJd6oZq4IOtBPCJnAwY-A,Volume of students,test score,test score,volume of students,NA,NA,Kristina
UvEt5GEKl0tKe62mj-Rmrc3KkNsYKnhoKuzqo4zO24wsyqeC9Q4BOKLCJSggI4nc,Number of students with that score,Test score,Test score,Number of students who got that score,NA,NA,Kristina
ECQhwwwt8q5Xk720U_wGNs8cxTbcGHcWsiP0-uYLAGq9yvq3xbxIM5DvY79lcaVn,mean,knowledge test score,knowledge test score,number of test takers with a given score,NA,NA,Kristina
7f3UNO8tFmEWjX80mEYzN8AZrxYp85SVPCSKt-5BV6pt0kxDJa2rTndXRlpMY2Zz,the number of students,the test scores,the test scores,the number of students,NA,NA,Kristina
bySMcXeTZ-HaVZHwxLWPqgzmgWRvkfyfGjMjt3ffN7APx3-xzEYxvZtUcdnOXKhm,Student variability in test scores,knowledge test score,Knowledge test score,student variability in scores,NA,NA,Kristina
GDd_pYLn5rmgRG8HNtIWscSvK3LwcoejaPjl7GXiRMCto1aXem1uYJfyOAWtK3Fo,Percent of students,Test score,Score on the test,Percent of students,NA,NA,Kristina
Xq5EhPgcYnDCSr4svu9rrgMthgG61Sc6CAYXVG0yODmT9AIu0uPPUnSaUn8Wp7aq,Grouping,Knowledge test score,Knowledge test score,Grouping,NA,NA,Juergen
Qtq-jSQK7H7V3Ra0SvIxsPUSwq3GRdrgGqK0XAX4m8xypDMmaTZh1eowf2yHWLM-,The spread of results - the higher the peak the more students scored that score.,The test score.,"The test score. However, it is not clear if this is a raw score out of 100 or has been converted to a percentage.",The spread of the scores within the highest and lowest score.,NA,NA,Juergen
xySjsOJ_7LVXb72544mGc7peMzzwj0mWljWWf6VBaSupWiDk6k1DOodMk2MNhXFA,Test scores,knowledge test score,Percentage of students,number of students,NA,NA,Juergen
-0qo5vcmhkEpSnM_85wNkEz1k6U2SpRwh0ojZf-Fkhv2yafGdD7W2LZ4xoTJbqD_,number of ppl,how many times of AMy wear bikinis in e yaer,a desired point,the knwoledge test score,NA,NA,Juergen
a2ftEjbD3keik9O03uMOLRY47G5Libnp-PY95eT9MX2BO8zlI-iIe5Q4op2T3Yji,The number of students with knowledge test scores at that level,knowledge test score,the knowledge test score,the number of students who had that level knowledge test score,NA,NA,Juergen
l50Tcqaccy8Y58D3qBJyukk8Qvd2HFoZYAQJHi0wk60l8YfpY4HsTgO0ipQc_5Gf,Percentage of students or group,Knowledge test score,Knowledge test score,Percentage of students or group,NA,NA,Juergen
s3HEFn6-IWmf1C3KtZ0xH0btIP3Dy_DixWYz7EliHpMJhyTz8k81WD66yahtiqCE,The score,Knowledge test score,The mean,The mean,NA,NA,Juergen
TpTsbQKUJ_WjZR-wexAwl9YIUjLjrwxk1_6h39k2gqkxMtx5neqQp9V3rUINI9Sy,Number of students at a particular knowledge test score.,The knowledge test score range.,The knowledge test score of the students.,Number of students.,NA,NA,Juergen
EI_yLXGSGKNSNeGC5dpWHgqNekRkn0lYzHtkuOLYWc262sTSWwcshYi_V-OW4M6C,Number of students with that score,Test score,Test score,Number of students with that score,NA,NA,Juergen
bvNRth71EZCx6rWE1GgI_E1UZ7OKV4CgWKaIHDbQ7htdi-MLE5y3uJ4P01iXDn7c,Students.,Knowledge test scores.,Knowledge test scores.,Students.,NA,NA,Kristina & Juergen
cNP2jwpxQz4oU1tBLnHWEXjZdOBUebUNfB2Fn4qw9Oc4po4fXl_g0VFxjUGKLl5h,number of students in the group achieving that grade,test score,test score,amount of students achieving the score,NA,NA,Kristina & Juergen
7KNk4MwnjKQBpRFKYDdNrsEVD7KmFunlyO2bzOEoB2qmzijSwDhuFQDCEPs6_amd,Amount of participants,knowledge test score,Knowledge test score,Number of participants,NA,NA,Kristina
n38E1SvpBiAUIdGJlVPqqghLAD_lThicDMdDbdbOwFffExq3oo1TvGoTDHq_C3pp,group,score,score,group,NA,NA,Kristina
IEK9TceD01rH92AMnSlLFuvSnC-_6nUDlQwKyJoXihciC42NKyA8fcSq5CoVUFtx,the mean score,the test score,the test score,the variation in score,NA,NA,Kristina
r07UxpTjKDPQ3kd28cYA61TRqpCUAPUBvQZfJzKwc6P4W0pLKy2JoI91MHARe6Uf,the test score percentage,percentage test score,the students,students,NA,NA,Kristina
-wW2_BpLbAIrAx1mBPecr_Ep8E5csQJ2HghAlIx438SVZyCvKF1xe4Fk-mgBWA6L,number of students,test score in%,test score in %,number of students,NA,NA,Kristina
Pbj0sUwbZi2fRGLxKKstwrpb1QrPTc0kQ5Msn2MQ1lsFP0cw8anZWCRIC3XbKIgI,"the amount of people who scored that test score, if it is further right, there is a lot more people",test score,the test score,the number of people who scored that test score,NA,NA,Kristina
Z-gXoSn4U-KL7S1nWLtjuLYMl3n2gWvnmKrbaK1gegV0ffkNzQORGJxADFnI164-,mean variable,knowledge test score,knowledge test score,mean variable,NA,NA,Kristina
494Z16TebMpionoA_lCS_dkq-kykkpud5ZrULPqxzWp_rmcQ7FYlwf4UHvDpS-Ez,Number of students,knowledge test score,test scores,number of students,NA,NA,Kristina
o6ThN8Ulg6suKClG5iqUHArfEr3G2PnLTVwjsTciWvTNjYvmJ5Whb7AUfsWoExPt,it doesn't say but i assume amount of students,knowledge test score,knowledge test score,number of students,NA,NA,Kristina
-DbYGGeWZEW_uAhTuJY04mjqRIyuSoEgMh96AuZsj9PomrMhsduZuERg5-v9McnU,"Although omitted visually (the horizontal grid is NOT an axis) it represents intensity, or amount of students who registered this score.",Knowledge test score,Knowledge test score.,"Although the vertical axis is omitted (the vertical grid is NOT an axis) it is understood to be a measure of intensity, or how many students achieved a determinate value of knowledge test score.",NA,NA,Juergen
FkBR1iHv0k_Euf8OK559IXoj9NB8Sa52prN4_TY8zcUe9T3O2ztz4_vG28f5pNgq,number of students,test score,test score,number of students,NA,NA,Juergen
IV6dFMe60Klil-3geHz3A4UbLQZ6qqzWv4Fmph61w9zz-odJQQnEwUN7n-nb_E-P,number of students,test score,test score,number of students,NA,NA,Juergen
TTfbDYoNNP-mi4Zcad0Ly02K0dJtfKwUHGGM49sjFHYyTZf6bSyrOHfr0n24DMf4,Number of students,Knowledge test score,Knowledge test score,Number of students,NA,NA,Juergen
5P9g1TiViSULwmD4fsLOjJmmdo9OOqG1sJBiFOT3r9BtzXjiCiwSunup2w_Zig5l,number of students,test score,text score,no of students,NA,NA,Juergen
i1nb_L3xQHApMkJH3v-eW6pj13XQ5lM5_BqfzsHpUhka54H6g2ghq_tFjw4LPcF7,Number of students,Score,Score,Number of students,NA,NA,Juergen
aMqk5S0lutmi2JL-y6QwuXnpabIUCraLrFPhsBmGBkhtcQm_wbz22LbKdsFhyoCJ,Number of students,Test score,Test score,Number of students,NA,NA,Juergen
JdMB4OiflSJ_iduDyKWibguiAAZhawbxFUoNFBrg3-iGyJar7voZzq31tyyP-RN5,Target Participant,Knowledge Test Score,Knowledge Test Score,Student,NA,NA,Juergen
Vy9sAVMX5p8AdAvVLyKZJsmOYMbI_PtxWQhPaEfOxzGA8ex8WDRZB1JhbagBpYbq,Scores,Scores,Range of scores,Spread os scores,NA,NA,Juergen
l4uFldCygESpugaVCOFgFKA_-Ij6108mu0j-s621erVw2IFeZj98c5AJD1Q_QT3X,number of students,knowledge test score,knowledge test score,number of students,NA,NA,Kristina & Juergen
KVSBjBaSPwQ0piHhy9QWpKKyukQcOdshlaUYbOKWbdE1JyYpVmBR6_1OFLRuFOV_,spread of students recieving score,knowledge test scores,knowledge test score,amount of students receiving test score,NA,NA,Kristina & Juergen
TxJECN-UGJjuP19hdycG4XZF56FgdhAkwml3k1xr6iQhpS5CXISQBUJyW0d-MwOT,Population density,Test score,Test score,Population density,NA,NA,Kristina
IdvM0Ju4xo8JBiCBVJXvVcYT7Mit8BQsxo3AlZEt9gwnXkwbAID9ea7o7gpFr_ds,50,10-90,10-90,50,NA,NA,Kristina
LUvnM4xvD0sQ5VdAhifrxuS881V6ON22CvM7Xfi2647O4n0bCb0h6b6BibLNugwY,"No idea, it isn't labeled",Knowledge test score,Knowledge test score,Not labeled,NA,NA,Kristina
8aymUKufwUopWR2AtUmSgZi0oxJQ7PmKhdhCaDQOmOpliOXgLA-iIzTFchKVxE5A,The number of students,Test score,test score,Number of students,NA,NA,Kristina
wp4L0vmtHhiI4usEPD1bTKncHB3ZJVuX0yf-YASnJ_B8RauP8Yqg0YJcwEso7CLd,Test scores,The text scores,Range of test scores,The range of scores,NA,NA,Kristina
EXoXAa4QsMLqnAVE9Wir1fAfnLTellhF4298aQvsVeYk09svFTzO80kfEWTugAUi,Number of participants,Knowledge test score,Subject knowledge,Number of participants,NA,NA,Kristina
wACF641gKi-9iynFjc1FoF4K8b8JI3AamwUppjp3D1ik1IHd8tcCtitjlMk4an-o,Recorded video,Knowledge test score,Knowledge test score,Recorded video,NA,NA,Kristina
55zVtEPWzQWiPIdTyQZN9cu1FtieoqzyZzsUQxaBzjRCnI3wy0y-4yku3nGWtHed,Number of students,The students' test scores,The students' test scores,The number of students,NA,NA,Kristina
o_NA4BFTRJuc1pobbCVvjdtOaBtGJxut31faQ7_lyYiVYWBhAnJgcvcjPNCwag_O,number of students,knowledge test score,score for the test,student number,NA,NA,Kristina
ea9_GizSnvpuVxBNguL4j4xjWE80w_c_Zzyt5GieL5e9JaQfvvIy9clh7fg90rJb,student distribution,test score,test score,student distribution,NA,NA,Juergen
GU-jw159Fmpdi1bMxBqnCPdiFfkbpw9uCBSIOfyCRkKBeLsJGF2KGvlsjhEJyLvY,Number of results,Test score,Test score,Number of results,NA,NA,Juergen
Gq7aawGz6FO_d6-YoxB5VSMaTlxoBMCRzP3Ysczo3gQDQdpwRmqDgui5gcAo7_8R,number of students,recall score,reading accuracy score,number of students,NA,NA,Juergen
Tbg_iNKmRTWCVdfthm1Jvj_3veSBRTQLHytYmYay9cTPTXm7YnbIYrScg98CBNGz,Number of students,test score,test score,number of students,NA,NA,Juergen
E6fMkt8K_ViRNUa4BjWRPzU6e0D60yhDhdYTNbBKf13Q9aO9GpapvS0BgnslXbVC,The amounts of students scoring at that level.,The score.,The score.,The amounts of students scoring this.,NA,NA,Juergen
mS-QzngfG30lUTBnmeU1DYvI9zUdiKnUf6-D0rUnyBSn10hLsgpHc_J44TQc7M75,the frequency of students getting each score,the score on the knowledge test,The score on the knowledge test,the frequency of students getting that score,NA,NA,Juergen
GCIHe5_b9r8ImiFW14sIsXbXKaVI3q8SUcdKgJkMrr4CInhp9SvD95XRzOsvu5aX,number of students with a given score,test score,test score,number of students with a given score,NA,NA,Juergen
gOa3O9gR0fuyfq2QvWlXAdzF16lSPN6j97aW2Zlx4k2CI4GNjlBcgxjOhTyJszl5,the median percentage of students. Here is  is 50.,the average number of students who took the test.,the number of students tested i.e. that make up the the results.,the median average,NA,NA,Juergen
So0W7ML9gl6E54jz0ToEP5574tJ0b_yFO9tX32HDUnRRXnTwJ4ulMS8iF1eM9GRx,Number of students,knowledge test score,Knowledge test score,Number of students,NA,NA,Juergen
pcGROkw3QuOuzi7nIBRIUDfXkqYhPcb7fg3koERkYNpuMhF8pGS1nxNgQWbR5Ba4,Number receiving this score,Range of scores,Range of scores,Number receiving a score,NA,NA,Kristina & Juergen
9nK0e97sYQFU8BjbQ8p8cRc6zkuYMPIGIYm-rNalZvaWRDTGss4j1iCDQrsVDRap,Number or percentage of students getting each score,Percentage score,Percentage score,Number of students,NA,NA,Kristina & Juergen
jaoThxpgoONkC4w0IeeYhg2HstfGcAQ_THgComqG6GVb1xbIc-uZopwBc8qD1tNX,The amount of students who got that score,The score for the knowledge test,The score of the test.,The amount of students who achieved that score.,NA,NA,Kristina
X2aLkaAh7vI0Rs5ywYBcDYbsJsasd5iq8RygOepFIpkT2imFR1sY85IdSL8-V4x6,counts of the measures dependent variable for value y,dependent variable (knowledge test score),dependent variable (=knowledge test score),counts of the measures of the dependent variable for each value y,NA,NA,Kristina
PtTEnrcJzqIkB7k2SLkUzubZ-_4bFEZsnezgs7nNP99pE4SXZx_qcYhiNxLXGNZj,distribution of student's scores,students score,score on the test,distribution of test results,NA,NA,Kristina
YxcDmPAr8VioKzQOx05X47nvVkystAasw7n2q4Q_Ep9C7er37BP-w8RWBSW5Rhli,Median scores for students,Knowledge test scores,knowledge test scores,Distribution of test score results,NA,NA,Kristina
NEgCaVE1CCEwICLI5HmthWBNd5EU6QyK8VUIx9rTMl2Ki4zkjl9_U_mdpGkRWOTT,The number of students,Knowledge test score,Knowledge test score,The number of students,NA,NA,Kristina
jbikN8CBYZHHFyy1WYPupQILPIfHakoLlCQlB5o0fkzoAbzL_ok3CNYa7d9iyng4,The test scores,The test scores,The amount of students who tested at that score,The amount of students who tested at that score,NA,NA,Kristina
D3WHBoWu4SjWISb9dT1j4zo_y5n6sS3SEUocHiOPZXqeSiEnbSsKGZOfCmFClvz-,the number of students who took the test and obtained a certain score,centiles from zero marks to full marks possible in the test,centiles from zero marks to full marks possible in the test,the number of students who obtained a certain mark in the test - NB I see no vertical axis,NA,NA,Kristina
3WbMqctfEEykE5nsMSPy-vvgRbDaU-9rEGkfPlHcPAkqsE6nWc5toGt6jPVFsjjg,numbers of people,test score,score,numbers of people,NA,NA,Kristina
Z8CY6nQiSpcZMvFcvLtSJWUKLSBrtINGnTao36x0iQpqI9S_beb6qKcLVZvsc9Ac,The number of pupils taking the test,The score of an individual pupil,Individual pupil's test scores,The number of pupils in the group,NA,NA,Kristina
vCz74kwm9MTFCT7SgJi2FQGDrJuUSNcKeRPjCe4g5_0SpwFTl1XXLo-Caa1HNC9o,The variation in the scores.,The knowledge test scores achieved.,The knowledge test score achieved.,The variation in the scores.,NA,NA,Juergen
F4E_GpTW-mjYY-_U9uruy3DqGCWJobu-BwiniMd_-8vpvYEZ3-Ah-saj638q1-ZU,number of students,score,score,number of students,NA,NA,Juergen
_6FCKnMADkte-xgjxO5lEtIvOA86oJVal7onvtpcX8azYjEWK7pfXf3AGjpig-4A,Number of tests that received this score.,Number of students that received this score,Score.,score,NA,NA,Juergen
iB7Ij8LC8GzXVXBJb-mR_tRjqXR8jAEDsuvm_qvZ1NoZEZ-DAuAkqMghXGKfT49D,range of the test scores,range of the knowledge test scores,score averages,amount of the test score,NA,NA,Juergen
dx5GI5ZwXlbtlPpmRdmTc8pS-ML-29obhMkNR9JkTAchcAxluqmoHrIZMBOlLs4w,I dont know,Knowledge test scores,Number of students,Number of students,NA,NA,Juergen
8JKlAkcVZhi_cy9sd_R4c-0YqnWU2E3hN8gqYzmvQTGz6jazdT9ammuFbOBxCmN8,number of participants that scored each percentage point,knowledge test score,their score on the knowledge test,number of people that scored each point,NA,NA,Juergen
1J70aCuc2vmAmitIEBnY0egyN-NJfBJtgdgdVH4npHBgHPl-KgTSIquI6d4rfYVV,number of students (frequency of scores),knowledge test scores,knowledge test scores,frequency of test scores (number of students scoring each test score),NA,NA,Juergen
C129rqvQHZ445L_jZV_ZJ9hxSGHaGYTkIO-g3S1pKgFyDp9lgDSiamf0pXElwumE,number of students,test score,test score,number of students,NA,NA,Juergen
x54iTd3RZnFFh2vd5wPgfW9AmNLNdzFmLZNypMvhr5Ym2UErJ_ROiXX5Co0hpBVo,Amount of responses?,The results from 0-100 in either percentages or marks?,The scoring from 0-100 in percentages or marks?,The amount of responses,NA,NA,Juergen
RuXCJNdHqi6oskRxq9uvHWEIrFAeaWegcluU7K1z6M2VCblP_wx4DLOXxe7sYv0o,Range of data,Knowledge test score,Knowledge test score,Range of data,NA,NA,Kristina & Juergen
VSeVWUleEmBdF89rFJM-UC9ABrbM6D3awVeQsuEy9v3hj4pTM0BtykGPOziqns4j,Number of students,Knowledge test score,Knowledge test score,Number of students,NA,NA,Kristina & Juergen
2PBkoGpvXnwBqzwqAG-1OV-y80neEx5otg1o164Deg7zIGU1ID7EuFqsN53kFQbw,Frequency of each score,The scores of the knowledge test,The scores on the knowledge test,The frequency of each score,NA,NA,Kristina
Yqa3SrNMiph0ZLHEkuX8TohbtQDTOhzlUuOcY1FIOQj2GBIonfYa2SAC1_BOoIRQ,Frrequency which is the total number of students with the score,test score,test score,frequency -total number of students with the score,NA,NA,Kristina
i6CAT4dxU_GXOgK_D-lDktaL3BGdE_vj2189lVJbu-LrknUXYZQTF6azMLsrSRYG,Number of students,Test scores,Test scores,Number of students,NA,NA,Kristina
eEKhwIdOl6k-FKaIIAdtNh2hPcepVSgafeQB0u9ytr7vIhtDV1-DNXpzE5IYEtty,Number of students,Test scores,Test score,Number of students,NA,NA,Kristina
a_DB3ndSDSeeIxrQsMDOXvnS9gNjBI9YkWHaeHDEAbGSDOVuFnE_NpnPfH-68EQQ,The time spent watching,Knowledge test score,The score the students achieved on the test,Time spent viewing the video,NA,NA,Kristina
5Q5MOohaG_8hXYQgvlxprrReuwJKF4GtZIZopob-lnfg4NIa7CIr9Y-5GqEGGFnz,number of students,test score,knowledge test score,number of students/ group,NA,NA,Kristina
